station_id,station_name,latitude,longitude,timestamp,pm25,pm10,no2,so2,o3,co,temp,humidity,pressure,wind_speed,wind_direction,road_count,has_major_road,industrial_zone_count,near_industrial_zone,dump_site_count,near_dump_site,agricultural_count,near_agricultural_area,pm25_norm,pm10_norm,no2_norm,so2_norm,o3_norm,co_norm,temp_norm,humidity_norm,pressure_norm,wind_speed_norm,hour,day_of_week,month,season,aqi_category,pollution_source,source_confidence
407,"Zoo Park, Hyderabad - TSPCB",17.349694,78.451437,2026-03-10 23:46:44,63.0,123.0,88.2,2.4,3.7,0.1,25.29,34,1014,3.36,188,337,1,5,1,0,0,1,1,0.3364,0.6066,1.0,0.0,0.0,0.0001,0.0,0.5,0.0,0.3673,23,1,3,Summer,Moderate,Vehicular,1.0
2459,US Diplomatic Post: Hyderabad,17.443464,78.47489,2026-03-10 23:47:38,80.0,123.61,25.33,9.82,38.01,1.51,26.29,33,1014,3.29,183,669,1,28,1,0,0,9,1,0.4564,,,,,,0.885,0.25,0.0,0.2245,23,1,3,Summer,Moderate,Vehicular,0.46
2594,"Sanathnagar, Hyderabad - TSPCB",17.423297,78.474697,2026-03-10 23:48:31,157.0,123.61,25.33,4.2,173.79,270.0,26.29,33,1014,3.29,183,877,1,45,1,0,0,0,0,1.0,,,0.0403,0.9712,0.2231,0.885,0.25,0.0,0.2245,23,1,3,Summer,Very Poor,Industrial,0.41
5599,"Bollaram Industrial Area, Hyderabad - TSPCB",17.540891,78.358528,2026-03-10 23:49:23,52.0,112.0,12.9,3.6,51.4,0.57,26.42,36,1014,3.67,163,109,1,7,1,0,0,0,0,0.2587,0.5388,0.1165,0.0268,0.2724,0.0005,1.0,1.0,0.0,1.0,23,1,3,Summer,Satisfactory,Industrial,0.67
5623,"Central University, Hyderabad - TSPCB",17.460103,78.334361,2026-03-10 23:50:21,26.0,86.0,8.0,5.9,23.7,0.0,25.98,36,1014,3.53,170,204,1,13,1,1,1,2,1,0.0752,0.3787,0.059,0.0783,0.1142,0.0,0.6106,1.0,0.0,0.7143,23,1,3,Summer,Good,Industrial,0.55
5647,"Sanathnagar, Hyderabad - TSPCB",17.455946,78.433215,2026-03-10 23:50:59,32.0,123.61,22.4,8.5,14.5,1.66,26.42,33,1014,3.34,177,377,1,25,1,0,0,3,1,0.1175,,0.228,0.1365,0.0617,0.0014,1.0,0.25,0.0,0.3265,23,1,3,Summer,Satisfactory,Industrial,0.56
8557,Hyderabad,17.38405,78.45636,2026-03-10 23:51:44,79.8,123.61,25.33,9.82,38.01,1.51,25.92,33,1014,3.31,186,0,0,21,1,1,1,2,1,0.455,,,,,,0.5575,0.25,0.0,0.2653,23,1,3,Summer,Moderate,Industrial,1.0
344103,"ECIL Kapra, Hyderabad - TSPCB",17.470431,78.566959,2026-03-10 23:53:07,15.35,24.53,14.15,3.9,178.83,800.0,26.11,32,1014,3.18,189,82,1,18,1,0,0,13,1,0.0,0.0,0.1312,0.0336,1.0,0.6612,0.7257,0.0,0.0,0.0,23,1,3,Summer,Good,Burning,0.24
344104,"Kompally Municipal Office, Hyderabad - TSPCB",17.544899,78.486949,2026-03-10 23:54:05,28.26,27.38,2.97,5.32,133.9,240.0,26.26,34,1014,3.4,172,96,1,5,1,0,0,21,1,0.0911,0.0176,0.0,0.0653,0.7434,0.1983,0.8584,0.5,0.0,0.449,23,1,3,Summer,Good,Agricultural,0.5
344140,"Somajiguda, Hyderabad - TSPCB",17.417094,78.457437,2026-03-10 23:54:50,69.53,186.86,47.31,4.64,21.31,1210.0,26.29,33,1014,3.29,183,711,1,33,1,1,1,0,0,0.3825,1.0,0.5202,0.0501,0.1006,1.0,0.885,0.25,0.0,0.2245,23,1,3,Summer,Moderate,Vehicular,0.54
344142,"Nacharam_TSIIC IALA, Hyderabad - TSPCB",17.429398,78.569354,2026-03-10 23:55:37,129.72,107.18,13.56,7.9,9.1,380.0,26.07,32,1014,3.2,191,87,1,27,1,0,0,1,1,0.8074,0.5091,0.1243,0.123,0.0308,0.314,0.6903,0.0,0.0,0.0408,23,1,3,Summer,Very Poor,Industrial,0.52
346258,"Kokapet, Hyderabad - TSPCB",17.393559,78.339194,2026-03-10 23:56:21,21.25,30.37,14.59,12.1,36.35,180.0,25.68,36,1014,3.47,176,364,1,33,1,0,0,10,1,0.0417,0.036,0.1363,0.217,0.1864,0.1488,0.3451,1.0,0.0,0.5918,23,1,3,Summer,Good,Industrial,0.44
352465,"New Malakpet, Hyderabad - TSPCB",17.37206,78.50864,2026-03-10 23:56:55,27.66,70.48,14.06,47.1,26.65,1000.0,25.85,32,1014,3.31,190,430,1,7,1,0,0,9,1,0.0869,0.2831,0.1301,1.0,0.131,0.8264,0.4956,0.0,0.0,0.2653,23,1,3,Summer,Good,Vehicular,0.38
4720578,Hyderabad,17.492676,78.405394,2026-03-10 23:57:41,16.686041355133057,123.61,25.33,9.82,38.01,1.51,26.21,35,1014,3.45,171,0,0,17,1,1,1,0,0,0.0094,,,,,,0.8142,0.75,0.0,0.551,23,1,3,Summer,Good,Industrial,1.0
SIM_IND_000,Simulated_Industrial_0,17.426828,78.344203,2026-03-10 12:00:00,84.75,133.48,40.78,60.6,46.77,0.63,28.8,26,1014,1.7,119,21,0,10,1,1,1,0,0,,,,,,,,,,,12,1,3,Summer,,Industrial,1.0
SIM_IND_001,Simulated_Industrial_1,17.41178,78.579529,2026-03-10 12:00:00,60.58,220.87,39.43,40.42,24.66,1.936,27.4,30,1014,3.7,183,16,0,18,1,0,1,2,0,,,,,,,,,,,12,1,3,Summer,,Industrial,1.0
SIM_IND_002,Simulated_Industrial_2,17.526935,78.45026,2026-03-10 12:00:00,109.68,224.41,36.65,71.7,37.32,1.557,22.7,39,1014,6.4,40,12,0,22,1,3,1,0,0,,,,,,,,,,,12,1,3,Summer,,Industrial,1.0
SIM_IND_003,Simulated_Industrial_3,17.341581,78.537753,2026-03-10 12:00:00,123.16,202.53,17.5,58.1,36.02,0.867,29.4,42,1014,7.9,327,27,0,17,1,2,0,0,0,,,,,,,,,,,12,1,3,Summer,,Industrial,1.0
SIM_IND_004,Simulated_Industrial_4,17.476514,78.457049,2026-03-10 12:00:00,65.96,236.97,34.85,63.07,26.38,1.249,36.2,66,1014,4.2,135,9,0,33,1,2,1,2,0,,,,,,,,,,,12,1,3,Summer,,Industrial,1.0
SIM_IND_005,Simulated_Industrial_5,17.343599,78.635898,2026-03-10 12:00:00,72.45,174.03,41.45,71.67,24.59,0.74,32.9,63,1014,1.4,195,24,0,26,1,0,0,2,0,,,,,,,,,,,12,1,3,Summer,,Industrial,1.0
SIM_IND_006,Simulated_Industrial_6,17.460263,78.56728,2026-03-10 12:00:00,90.62,144.03,20.54,20.19,41.66,1.58,37.6,73,1014,2.3,54,25,0,36,1,1,0,1,0,,,,,,,,,,,12,1,3,Summer,,Industrial,1.0
SIM_IND_007,Simulated_Industrial_7,17.396814,78.570288,2026-03-10 12:00:00,107.73,100.09,26.35,21.17,47.87,1.818,35.3,44,1014,2.7,123,23,0,12,1,3,0,2,0,,,,,,,,,,,12,1,3,Summer,,Industrial,1.0
SIM_IND_008,Simulated_Industrial_8,17.273517,78.479285,2026-03-10 12:00:00,109.48,139.76,45.54,45.39,26.35,1.309,33.7,37,1014,6.0,204,26,0,21,1,3,0,0,0,,,,,,,,,,,12,1,3,Summer,,Industrial,1.0
SIM_IND_009,Simulated_Industrial_9,17.254208,78.34301,2026-03-10 12:00:00,109.85,188.27,15.25,62.47,21.77,0.601,22.5,46,1014,1.5,121,13,0,25,1,1,1,0,0,,,,,,,,,,,12,1,3,Summer,,Industrial,1.0
SIM_IND_010,Simulated_Industrial_10,17.477249,78.393823,2026-03-10 12:00:00,68.72,164.66,29.83,48.02,41.87,1.51,37.7,31,1014,1.4,173,30,0,17,1,1,1,0,0,,,,,,,,,,,12,1,3,Summer,,Industrial,1.0
SIM_IND_011,Simulated_Industrial_11,17.290046,78.475488,2026-03-10 12:00:00,138.7,111.31,43.28,71.36,22.94,1.478,30.6,25,1014,7.8,121,10,0,25,1,1,1,0,0,,,,,,,,,,,12,1,3,Summer,,Industrial,1.0
SIM_IND_012,Simulated_Industrial_12,17.348692,78.632293,2026-03-10 12:00:00,83.87,217.61,30.93,45.38,48.72,1.993,30.9,70,1014,4.4,97,14,0,40,1,0,1,0,0,,,,,,,,,,,12,1,3,Summer,,Industrial,1.0
SIM_IND_013,Simulated_Industrial_13,17.410253,78.487555,2026-03-10 12:00:00,136.74,123.61,48.63,24.81,25.57,1.393,32.8,40,1014,3.8,291,12,0,29,1,0,1,2,0,,,,,,,,,,,12,1,3,Summer,,Industrial,1.0
SIM_IND_014,Simulated_Industrial_14,17.404568,78.431611,2026-03-10 12:00:00,83.47,200.46,26.0,35.94,23.93,1.468,29.3,73,1014,7.6,4,19,0,28,1,0,0,2,0,,,,,,,,,,,12,1,3,Summer,,Industrial,1.0
SIM_IND_015,Simulated_Industrial_15,17.274737,78.441403,2026-03-10 12:00:00,66.19,136.64,24.97,46.29,36.3,0.954,37.7,76,1014,5.6,4,26,0,19,1,0,0,1,0,,,,,,,,,,,12,1,3,Summer,,Industrial,1.0
SIM_IND_016,Simulated_Industrial_16,17.501914,78.559425,2026-03-10 12:00:00,73.99,142.26,22.37,40.57,40.62,1.779,30.1,41,1014,7.3,26,7,0,23,1,2,0,0,0,,,,,,,,,,,12,1,3,Summer,,Industrial,1.0
SIM_IND_017,Simulated_Industrial_17,17.466336,78.527834,2026-03-10 12:00:00,83.58,211.18,34.31,45.66,20.29,0.613,36.1,34,1014,4.8,189,23,0,14,1,1,0,1,0,,,,,,,,,,,12,1,3,Summer,,Industrial,1.0
SIM_IND_018,Simulated_Industrial_18,17.504694,78.575537,2026-03-10 12:00:00,137.46,234.84,22.35,34.97,23.08,1.67,36.1,51,1014,7.8,79,12,0,35,1,1,1,0,0,,,,,,,,,,,12,1,3,Summer,,Industrial,1.0
SIM_IND_019,Simulated_Industrial_19,17.455969,78.436356,2026-03-10 12:00:00,143.77,220.34,45.24,68.64,28.0,1.681,23.7,80,1014,1.3,240,12,0,36,1,3,1,1,0,,,,,,,,,,,12,1,3,Summer,,Industrial,1.0
SIM_IND_020,Simulated_Industrial_20,17.301877,78.53471,2026-03-10 12:00:00,95.86,141.79,17.43,66.4,30.53,1.264,32.9,78,1014,4.8,14,8,0,15,1,2,0,0,0,,,,,,,,,,,12,1,3,Summer,,Industrial,1.0
SIM_IND_021,Simulated_Industrial_21,17.365369,78.555264,2026-03-10 12:00:00,88.23,190.93,32.9,43.11,37.3,0.882,33.3,25,1014,4.6,275,26,0,40,1,1,1,1,0,,,,,,,,,,,12,1,3,Summer,,Industrial,1.0
SIM_IND_022,Simulated_Industrial_22,17.519662,78.612931,2026-03-10 12:00:00,116.08,199.51,19.36,74.0,35.21,1.5,27.2,69,1014,3.1,65,11,0,31,1,3,0,2,0,,,,,,,,,,,12,1,3,Summer,,Industrial,1.0
SIM_IND_023,Simulated_Industrial_23,17.325285,78.501081,2026-03-10 12:00:00,60.04,143.04,30.05,54.8,39.64,1.197,29.1,38,1014,4.6,86,26,0,19,1,2,0,0,0,,,,,,,,,,,12,1,3,Summer,,Industrial,1.0
SIM_IND_024,Simulated_Industrial_24,17.328126,78.578669,2026-03-10 12:00:00,73.26,106.93,49.44,56.68,43.05,1.183,36.2,61,1014,2.4,356,17,0,22,1,1,0,0,0,,,,,,,,,,,12,1,3,Summer,,Industrial,1.0
SIM_IND_025,Simulated_Industrial_25,17.300652,78.577933,2026-03-10 12:00:00,122.63,169.68,34.51,75.05,23.64,0.7,29.4,58,1014,7.9,304,15,0,38,1,3,1,0,0,,,,,,,,,,,12,1,3,Summer,,Industrial,1.0
SIM_IND_026,Simulated_Industrial_26,17.493448,78.471721,2026-03-10 12:00:00,127.66,225.98,24.71,66.66,34.54,0.859,29.0,70,1014,3.0,139,15,0,38,1,0,0,0,0,,,,,,,,,,,12,1,3,Summer,,Industrial,1.0
SIM_IND_027,Simulated_Industrial_27,17.349911,78.382542,2026-03-10 12:00:00,79.26,162.23,26.58,47.96,21.87,1.749,28.2,74,1014,5.1,356,5,0,28,1,3,0,1,0,,,,,,,,,,,12,1,3,Summer,,Industrial,1.0
SIM_IND_028,Simulated_Industrial_28,17.461043,78.592734,2026-03-10 12:00:00,145.81,162.85,41.16,52.77,38.1,0.831,25.5,52,1014,4.4,199,15,0,31,1,3,0,1,0,,,,,,,,,,,12,1,3,Summer,,Industrial,1.0
SIM_IND_029,Simulated_Industrial_29,17.529217,78.496937,2026-03-10 12:00:00,141.62,188.78,38.2,25.04,32.86,1.8,24.9,41,1014,3.7,108,19,0,20,1,3,1,1,0,,,,,,,,,,,12,1,3,Summer,,Industrial,1.0
SIM_IND_030,Simulated_Industrial_30,17.485473,78.477792,2026-03-10 12:00:00,127.41,107.81,48.32,33.45,22.06,1.936,22.6,26,1014,7.6,102,5,0,14,1,1,1,2,0,,,,,,,,,,,12,1,3,Summer,,Industrial,1.0
SIM_IND_031,Simulated_Industrial_31,17.404191,78.402089,2026-03-10 12:00:00,122.95,215.03,20.87,56.43,42.44,0.672,35.1,44,1014,1.8,13,14,0,31,1,3,1,2,0,,,,,,,,,,,12,1,3,Summer,,Industrial,1.0
SIM_IND_032,Simulated_Industrial_32,17.257799,78.543884,2026-03-10 12:00:00,116.45,115.29,42.04,71.02,38.01,0.682,37.7,75,1014,1.3,272,18,0,21,1,2,0,1,0,,,,,,,,,,,12,1,3,Summer,,Industrial,1.0
SIM_IND_033,Simulated_Industrial_33,17.266662,78.624936,2026-03-10 12:00:00,117.2,224.31,39.76,46.13,42.01,1.948,26.3,76,1014,7.4,247,19,0,36,1,2,1,0,0,,,,,,,,,,,12,1,3,Summer,,Industrial,1.0
SIM_IND_034,Simulated_Industrial_34,17.318678,78.471941,2026-03-10 12:00:00,127.54,185.48,38.39,40.18,34.83,0.988,29.8,47,1014,6.6,174,13,0,32,1,2,0,2,0,,,,,,,,,,,12,1,3,Summer,,Industrial,1.0
SIM_IND_035,Simulated_Industrial_35,17.260684,78.552722,2026-03-10 12:00:00,103.97,213.72,39.17,58.75,34.72,1.689,23.5,39,1014,3.8,124,14,0,28,1,3,1,1,0,,,,,,,,,,,12,1,3,Summer,,Industrial,1.0
SIM_IND_036,Simulated_Industrial_36,17.400117,78.442243,2026-03-10 12:00:00,100.84,145.99,23.07,63.28,29.47,1.614,37.2,69,1014,2.3,110,28,0,18,1,2,0,0,0,,,,,,,,,,,12,1,3,Summer,,Industrial,1.0
SIM_IND_037,Simulated_Industrial_37,17.303245,78.390532,2026-03-10 12:00:00,61.27,180.12,24.6,78.46,36.6,1.546,24.0,80,1014,6.3,52,5,0,19,1,3,1,1,0,,,,,,,,,,,12,1,3,Summer,,Industrial,1.0
SIM_IND_038,Simulated_Industrial_38,17.524649,78.412444,2026-03-10 12:00:00,137.56,117.11,17.29,49.5,37.31,1.53,24.4,76,1014,4.9,155,7,0,13,1,3,0,2,0,,,,,,,,,,,12,1,3,Summer,,Industrial,1.0
SIM_IND_039,Simulated_Industrial_39,17.370154,78.469516,2026-03-10 12:00:00,137.41,248.5,25.69,57.26,38.29,1.61,37.2,38,1014,5.4,135,26,0,15,1,1,0,0,0,,,,,,,,,,,12,1,3,Summer,,Industrial,1.0
SIM_VEH_000,Simulated_Vehicular_0,17.357555,78.543511,2026-03-10 12:00:00,68.19,73.59,85.93,9.24,64.38,1.749,25.7,41,1014,6.5,320,803,1,3,1,0,0,2,0,,,,,,,,,,,12,1,3,Summer,,Vehicular,1.0
SIM_VEH_001,Simulated_Vehicular_1,17.507523,78.584689,2026-03-10 12:00:00,44.28,88.25,87.69,16.23,52.77,2.51,24.0,69,1014,3.1,206,478,1,8,1,1,0,2,0,,,,,,,,,,,12,1,3,Summer,,Vehicular,1.0
SIM_VEH_002,Simulated_Vehicular_2,17.501827,78.55706,2026-03-10 12:00:00,76.22,72.85,80.6,15.11,64.42,3.555,22.3,73,1014,5.7,137,790,1,2,1,1,0,0,0,,,,,,,,,,,12,1,3,Summer,,Vehicular,1.0
SIM_VEH_003,Simulated_Vehicular_3,17.365765,78.580973,2026-03-10 12:00:00,98.14,121.7,96.75,9.82,34.18,2.063,28.6,56,1014,3.0,205,763,1,7,0,1,0,1,0,,,,,,,,,,,12,1,3,Summer,,Vehicular,1.0
SIM_VEH_004,Simulated_Vehicular_4,17.526055,78.457953,2026-03-10 12:00:00,70.88,178.69,119.19,13.14,46.53,2.157,27.8,73,1014,4.5,226,252,1,4,1,0,0,1,0,,,,,,,,,,,12,1,3,Summer,,Vehicular,1.0
SIM_VEH_005,Simulated_Vehicular_5,17.380414,78.345361,2026-03-10 12:00:00,77.8,157.92,123.88,9.66,30.55,2.928,25.6,78,1014,7.4,236,320,1,2,1,1,0,1,0,,,,,,,,,,,12,1,3,Summer,,Vehicular,1.0
SIM_VEH_006,Simulated_Vehicular_6,17.529073,78.409819,2026-03-10 12:00:00,73.08,112.19,142.97,12.62,65.17,4.524,26.4,75,1014,7.0,174,719,1,0,0,1,0,0,0,,,,,,,,,,,12,1,3,Summer,,Vehicular,1.0
SIM_VEH_007,Simulated_Vehicular_7,17.396574,78.440237,2026-03-10 12:00:00,73.12,129.78,100.98,9.83,37.55,3.941,31.1,39,1014,7.0,210,244,1,7,1,1,0,1,0,,,,,,,,,,,12,1,3,Summer,,Vehicular,1.0
SIM_VEH_008,Simulated_Vehicular_8,17.272874,78.626306,2026-03-10 12:00:00,59.92,81.04,136.05,6.5,66.42,1.554,24.3,80,1014,5.6,79,276,1,4,0,1,0,1,0,,,,,,,,,,,12,1,3,Summer,,Vehicular,1.0
SIM_VEH_009,Simulated_Vehicular_9,17.492803,78.450703,2026-03-10 12:00:00,59.0,149.06,128.35,18.09,31.44,1.739,32.1,43,1014,8.0,46,644,1,10,0,1,0,2,0,,,,,,,,,,,12,1,3,Summer,,Vehicular,1.0
SIM_VEH_010,Simulated_Vehicular_10,17.506027,78.350497,2026-03-10 12:00:00,87.77,102.27,93.74,7.18,51.25,3.481,34.7,35,1014,2.2,312,591,1,10,0,1,0,0,0,,,,,,,,,,,12,1,3,Summer,,Vehicular,1.0
SIM_VEH_011,Simulated_Vehicular_11,17.426371,78.474571,2026-03-10 12:00:00,80.01,168.88,101.87,9.31,51.86,1.759,37.1,62,1014,3.1,217,456,1,4,0,1,0,0,0,,,,,,,,,,,12,1,3,Summer,,Vehicular,1.0
SIM_VEH_012,Simulated_Vehicular_12,17.349409,78.444388,2026-03-10 12:00:00,57.75,146.92,61.97,17.45,45.83,1.528,35.8,74,1014,6.2,25,820,1,4,0,1,0,2,0,,,,,,,,,,,12,1,3,Summer,,Vehicular,1.0
SIM_VEH_013,Simulated_Vehicular_13,17.421267,78.540029,2026-03-10 12:00:00,83.26,142.51,135.45,14.42,66.14,3.762,26.9,53,1014,1.2,186,334,1,4,0,1,0,0,0,,,,,,,,,,,12,1,3,Summer,,Vehicular,1.0
SIM_VEH_014,Simulated_Vehicular_14,17.470954,78.599638,2026-03-10 12:00:00,61.95,125.2,84.53,7.47,66.56,4.805,37.5,43,1014,6.2,173,317,1,1,0,0,0,2,0,,,,,,,,,,,12,1,3,Summer,,Vehicular,1.0
SIM_VEH_015,Simulated_Vehicular_15,17.262091,78.455072,2026-03-10 12:00:00,55.87,83.59,93.17,16.24,40.49,2.834,32.2,48,1014,1.8,119,682,1,9,1,1,0,2,0,,,,,,,,,,,12,1,3,Summer,,Vehicular,1.0
SIM_VEH_016,Simulated_Vehicular_16,17.425621,78.47598,2026-03-10 12:00:00,82.06,141.42,70.5,5.68,31.49,4.986,23.9,40,1014,7.2,69,597,1,5,1,1,0,1,0,,,,,,,,,,,12,1,3,Summer,,Vehicular,1.0
SIM_VEH_017,Simulated_Vehicular_17,17.264706,78.483504,2026-03-10 12:00:00,64.49,174.67,62.94,10.56,47.74,4.827,35.7,31,1014,7.9,188,757,1,5,0,1,0,0,0,,,,,,,,,,,12,1,3,Summer,,Vehicular,1.0
SIM_VEH_018,Simulated_Vehicular_18,17.519703,78.583957,2026-03-10 12:00:00,45.5,93.33,117.55,19.57,32.02,2.667,37.8,75,1014,5.0,35,767,1,9,0,0,0,0,0,,,,,,,,,,,12,1,3,Summer,,Vehicular,1.0
SIM_VEH_019,Simulated_Vehicular_19,17.235851,78.594222,2026-03-10 12:00:00,48.68,84.3,82.56,7.62,56.44,1.59,22.2,75,1014,6.5,301,531,1,2,0,0,0,2,0,,,,,,,,,,,12,1,3,Summer,,Vehicular,1.0
SIM_VEH_020,Simulated_Vehicular_20,17.392826,78.5604,2026-03-10 12:00:00,68.57,155.58,106.19,6.64,50.15,4.809,22.7,75,1014,7.4,337,733,1,7,1,0,0,1,0,,,,,,,,,,,12,1,3,Summer,,Vehicular,1.0
SIM_VEH_021,Simulated_Vehicular_21,17.362882,78.369089,2026-03-10 12:00:00,82.74,118.79,140.93,9.83,35.93,1.942,32.0,62,1014,4.8,166,590,1,8,0,1,0,0,0,,,,,,,,,,,12,1,3,Summer,,Vehicular,1.0
SIM_VEH_022,Simulated_Vehicular_22,17.269324,78.533114,2026-03-10 12:00:00,92.66,130.65,137.89,11.45,65.52,2.948,35.2,50,1014,3.9,48,520,1,5,1,1,0,0,0,,,,,,,,,,,12,1,3,Summer,,Vehicular,1.0
SIM_VEH_023,Simulated_Vehicular_23,17.511896,78.35684,2026-03-10 12:00:00,89.91,80.26,68.69,16.08,62.47,3.447,31.4,60,1014,4.9,343,325,1,5,1,1,0,1,0,,,,,,,,,,,12,1,3,Summer,,Vehicular,1.0
SIM_VEH_024,Simulated_Vehicular_24,17.328735,78.36778,2026-03-10 12:00:00,70.44,87.02,103.4,17.71,44.0,3.447,23.8,42,1014,5.0,219,774,1,9,1,0,0,0,0,,,,,,,,,,,12,1,3,Summer,,Vehicular,1.0
SIM_VEH_025,Simulated_Vehicular_25,17.316981,78.565423,2026-03-10 12:00:00,95.29,108.61,76.33,7.15,56.29,1.744,33.9,26,1014,1.6,271,420,1,6,1,1,0,1,0,,,,,,,,,,,12,1,3,Summer,,Vehicular,1.0
SIM_VEH_026,Simulated_Vehicular_26,17.451479,78.569751,2026-03-10 12:00:00,74.06,79.35,64.73,7.36,54.71,3.859,26.4,67,1014,4.0,310,652,1,4,0,0,0,1,0,,,,,,,,,,,12,1,3,Summer,,Vehicular,1.0
SIM_VEH_027,Simulated_Vehicular_27,17.319974,78.540246,2026-03-10 12:00:00,69.2,143.38,64.09,10.93,53.97,1.527,26.8,38,1014,6.4,130,496,1,1,0,1,0,0,0,,,,,,,,,,,12,1,3,Summer,,Vehicular,1.0
SIM_VEH_028,Simulated_Vehicular_28,17.349062,78.547801,2026-03-10 12:00:00,70.02,161.67,132.56,6.08,64.47,1.648,22.3,29,1014,7.0,294,639,1,6,1,1,0,0,0,,,,,,,,,,,12,1,3,Summer,,Vehicular,1.0
SIM_VEH_029,Simulated_Vehicular_29,17.241257,78.43413,2026-03-10 12:00:00,88.08,137.99,134.88,18.8,33.53,4.456,25.9,62,1014,3.8,40,605,1,5,0,1,0,0,0,,,,,,,,,,,12,1,3,Summer,,Vehicular,1.0
SIM_VEH_030,Simulated_Vehicular_30,17.424967,78.495881,2026-03-10 12:00:00,51.63,155.39,91.6,19.37,55.82,2.017,23.6,41,1014,2.4,308,356,1,1,0,1,0,2,0,,,,,,,,,,,12,1,3,Summer,,Vehicular,1.0
SIM_VEH_031,Simulated_Vehicular_31,17.369672,78.613946,2026-03-10 12:00:00,73.87,139.88,116.21,17.96,55.09,2.028,23.1,53,1014,5.4,140,805,1,5,1,0,0,1,0,,,,,,,,,,,12,1,3,Summer,,Vehicular,1.0
SIM_VEH_032,Simulated_Vehicular_32,17.246282,78.447321,2026-03-10 12:00:00,57.22,140.91,147.96,6.35,53.76,2.846,31.3,75,1014,6.2,21,660,1,10,0,1,0,2,0,,,,,,,,,,,12,1,3,Summer,,Vehicular,1.0
SIM_VEH_033,Simulated_Vehicular_33,17.522317,78.471857,2026-03-10 12:00:00,88.66,162.11,148.41,6.26,55.85,1.637,33.3,53,1014,4.7,312,362,1,5,0,1,0,1,0,,,,,,,,,,,12,1,3,Summer,,Vehicular,1.0
SIM_VEH_034,Simulated_Vehicular_34,17.414366,78.573468,2026-03-10 12:00:00,78.84,77.25,68.51,15.18,41.37,4.033,32.5,63,1014,7.1,170,283,1,10,0,1,0,2,0,,,,,,,,,,,12,1,3,Summer,,Vehicular,1.0
SIM_VEH_035,Simulated_Vehicular_35,17.433641,78.375385,2026-03-10 12:00:00,82.53,79.32,110.3,14.65,43.14,1.947,33.2,72,1014,8.0,269,295,1,10,1,1,0,1,0,,,,,,,,,,,12,1,3,Summer,,Vehicular,1.0
SIM_VEH_036,Simulated_Vehicular_36,17.289079,78.400958,2026-03-10 12:00:00,96.86,123.49,80.39,7.06,33.09,4.455,23.6,74,1014,4.8,269,238,1,5,1,0,0,0,0,,,,,,,,,,,12,1,3,Summer,,Vehicular,1.0
SIM_VEH_037,Simulated_Vehicular_37,17.289254,78.544554,2026-03-10 12:00:00,77.48,169.29,124.91,5.66,44.57,4.019,37.5,64,1014,3.0,229,439,1,3,0,1,0,1,0,,,,,,,,,,,12,1,3,Summer,,Vehicular,1.0
SIM_VEH_038,Simulated_Vehicular_38,17.519139,78.632032,2026-03-10 12:00:00,67.7,100.99,94.37,12.91,68.65,4.359,34.8,33,1014,7.1,26,856,1,5,1,0,0,1,0,,,,,,,,,,,12,1,3,Summer,,Vehicular,1.0
SIM_VEH_039,Simulated_Vehicular_39,17.463935,78.418537,2026-03-10 12:00:00,94.32,86.21,99.37,19.2,38.88,3.079,27.6,26,1014,3.9,202,714,1,3,1,0,0,0,0,,,,,,,,,,,12,1,3,Summer,,Vehicular,1.0
SIM_AGR_000,Simulated_Agricultural_0,17.330605,78.366425,2026-03-10 12:00:00,48.59,83.53,7.19,2.31,37.52,0.289,35.3,73,1014,5.9,229,44,0,0,0,1,0,14,1,,,,,,,,,,,12,1,3,Summer,,Agricultural,1.0
SIM_AGR_001,Simulated_Agricultural_1,17.517068,78.519364,2026-03-10 12:00:00,36.93,127.62,8.56,2.97,17.15,0.356,32.0,29,1014,1.8,255,43,0,0,0,0,0,23,1,,,,,,,,,,,12,1,3,Summer,,Agricultural,1.0
SIM_AGR_002,Simulated_Agricultural_2,17.419443,78.408869,2026-03-10 12:00:00,36.66,116.44,6.28,9.8,12.03,0.31,30.1,57,1014,4.9,199,35,0,3,0,1,0,21,1,,,,,,,,,,,12,1,3,Summer,,Agricultural,1.0
SIM_AGR_003,Simulated_Agricultural_3,17.338441,78.556582,2026-03-10 12:00:00,45.13,127.15,16.03,4.66,11.33,0.318,35.0,36,1014,6.8,350,34,0,3,0,0,0,24,1,,,,,,,,,,,12,1,3,Summer,,Agricultural,1.0
SIM_AGR_004,Simulated_Agricultural_4,17.323033,78.349842,2026-03-10 12:00:00,27.98,54.19,19.0,6.12,39.67,0.317,26.1,73,1014,5.5,146,27,0,2,0,0,0,23,1,,,,,,,,,,,12,1,3,Summer,,Agricultural,1.0
SIM_AGR_005,Simulated_Agricultural_5,17.457992,78.605091,2026-03-10 12:00:00,35.47,147.37,12.44,5.98,37.73,0.308,34.8,71,1014,4.0,220,43,0,2,0,0,0,20,1,,,,,,,,,,,12,1,3,Summer,,Agricultural,1.0
SIM_AGR_006,Simulated_Agricultural_6,17.326949,78.517486,2026-03-10 12:00:00,37.04,118.98,10.27,2.34,36.1,0.241,38.0,42,1014,5.5,29,9,0,3,0,0,0,14,1,,,,,,,,,,,12,1,3,Summer,,Agricultural,1.0
SIM_AGR_007,Simulated_Agricultural_7,17.438427,78.468152,2026-03-10 12:00:00,25.05,73.6,14.68,4.9,38.48,0.113,24.5,53,1014,7.6,190,33,0,1,0,1,0,30,1,,,,,,,,,,,12,1,3,Summer,,Agricultural,1.0
SIM_AGR_008,Simulated_Agricultural_8,17.309883,78.370735,2026-03-10 12:00:00,49.43,99.9,10.8,6.49,17.85,0.204,29.1,64,1014,3.0,251,17,0,1,0,1,0,24,1,,,,,,,,,,,12,1,3,Summer,,Agricultural,1.0
SIM_AGR_009,Simulated_Agricultural_9,17.478154,78.626968,2026-03-10 12:00:00,59.46,116.78,15.64,6.4,18.71,0.22,24.5,70,1014,7.5,326,16,0,1,0,0,0,17,1,,,,,,,,,,,12,1,3,Summer,,Agricultural,1.0
SIM_AGR_010,Simulated_Agricultural_10,17.242885,78.502906,2026-03-10 12:00:00,34.76,130.37,13.27,6.9,12.59,0.224,38.0,71,1014,4.4,210,31,0,0,0,1,0,24,1,,,,,,,,,,,12,1,3,Summer,,Agricultural,1.0
SIM_AGR_011,Simulated_Agricultural_11,17.439033,78.440054,2026-03-10 12:00:00,55.12,128.03,14.6,3.46,38.99,0.273,36.6,28,1014,6.8,265,14,0,1,0,1,0,21,1,,,,,,,,,,,12,1,3,Summer,,Agricultural,1.0
SIM_AGR_012,Simulated_Agricultural_12,17.503478,78.59048,2026-03-10 12:00:00,30.02,113.51,13.26,3.0,19.08,0.313,30.0,35,1014,5.1,297,14,0,2,0,0,0,11,1,,,,,,,,,,,12,1,3,Summer,,Agricultural,1.0
SIM_AGR_013,Simulated_Agricultural_13,17.466307,78.416097,2026-03-10 12:00:00,28.43,107.21,14.27,2.24,36.67,0.318,32.3,44,1014,4.4,350,30,0,3,0,0,0,24,1,,,,,,,,,,,12,1,3,Summer,,Agricultural,1.0
SIM_AGR_014,Simulated_Agricultural_14,17.380275,78.397907,2026-03-10 12:00:00,44.27,81.26,15.78,7.87,35.82,0.49,24.1,48,1014,4.6,54,25,0,3,0,1,0,17,1,,,,,,,,,,,12,1,3,Summer,,Agricultural,1.0
SIM_AGR_015,Simulated_Agricultural_15,17.264043,78.423764,2026-03-10 12:00:00,35.37,111.54,8.72,8.92,14.79,0.231,31.2,45,1014,2.3,81,36,0,3,0,1,0,10,1,,,,,,,,,,,12,1,3,Summer,,Agricultural,1.0
SIM_AGR_016,Simulated_Agricultural_16,17.51857,78.488333,2026-03-10 12:00:00,58.67,71.51,10.29,2.4,24.85,0.453,32.5,55,1014,3.0,4,11,0,1,0,1,0,21,1,,,,,,,,,,,12,1,3,Summer,,Agricultural,1.0
SIM_AGR_017,Simulated_Agricultural_17,17.355174,78.507784,2026-03-10 12:00:00,27.79,105.32,6.1,6.03,32.93,0.212,37.8,68,1014,5.3,65,11,0,2,0,1,0,16,1,,,,,,,,,,,12,1,3,Summer,,Agricultural,1.0
SIM_AGR_018,Simulated_Agricultural_18,17.387737,78.486723,2026-03-10 12:00:00,21.81,63.7,10.0,5.79,23.71,0.343,30.2,45,1014,7.5,163,15,0,2,0,1,0,25,1,,,,,,,,,,,12,1,3,Summer,,Agricultural,1.0
SIM_AGR_019,Simulated_Agricultural_19,17.345507,78.538842,2026-03-10 12:00:00,59.2,108.37,16.95,7.8,30.64,0.111,29.6,66,1014,6.5,296,41,0,0,0,0,0,14,1,,,,,,,,,,,12,1,3,Summer,,Agricultural,1.0
SIM_AGR_020,Simulated_Agricultural_20,17.244471,78.621162,2026-03-10 12:00:00,24.4,51.89,9.71,3.21,30.72,0.264,34.4,55,1014,7.1,31,50,0,1,0,1,0,20,1,,,,,,,,,,,12,1,3,Summer,,Agricultural,1.0
SIM_AGR_021,Simulated_Agricultural_21,17.372899,78.496638,2026-03-10 12:00:00,41.85,117.59,18.01,7.45,34.11,0.206,29.7,40,1014,3.0,152,19,0,2,0,1,0,25,1,,,,,,,,,,,12,1,3,Summer,,Agricultural,1.0
SIM_AGR_022,Simulated_Agricultural_22,17.403146,78.617046,2026-03-10 12:00:00,48.87,78.78,13.6,6.35,36.87,0.258,27.5,74,1014,6.6,148,7,0,0,0,1,0,25,1,,,,,,,,,,,12,1,3,Summer,,Agricultural,1.0
SIM_AGR_023,Simulated_Agricultural_23,17.29562,78.498273,2026-03-10 12:00:00,57.32,119.62,7.06,6.93,27.6,0.197,32.7,58,1014,2.6,119,8,0,3,0,1,0,14,1,,,,,,,,,,,12,1,3,Summer,,Agricultural,1.0
SIM_AGR_024,Simulated_Agricultural_24,17.524356,78.630073,2026-03-10 12:00:00,26.32,115.29,18.21,5.81,29.52,0.402,26.6,43,1014,5.5,45,46,0,1,0,0,0,15,1,,,,,,,,,,,12,1,3,Summer,,Agricultural,1.0
SIM_AGR_025,Simulated_Agricultural_25,17.534152,78.455798,2026-03-10 12:00:00,39.82,143.66,19.43,9.41,36.3,0.104,31.1,31,1014,7.5,171,23,0,3,0,1,0,16,1,,,,,,,,,,,12,1,3,Summer,,Agricultural,1.0
SIM_AGR_026,Simulated_Agricultural_26,17.334205,78.556036,2026-03-10 12:00:00,45.93,121.86,5.21,4.7,18.85,0.37,25.1,64,1014,7.0,207,32,0,2,0,1,0,15,1,,,,,,,,,,,12,1,3,Summer,,Agricultural,1.0
SIM_AGR_027,Simulated_Agricultural_27,17.378236,78.617448,2026-03-10 12:00:00,20.27,88.36,11.7,4.14,19.89,0.333,31.2,41,1014,5.6,354,20,0,0,0,1,0,22,1,,,,,,,,,,,12,1,3,Summer,,Agricultural,1.0
SIM_AGR_028,Simulated_Agricultural_28,17.511932,78.60304,2026-03-10 12:00:00,50.79,119.03,14.58,9.53,21.03,0.188,37.3,55,1014,2.1,310,28,0,3,0,0,0,26,1,,,,,,,,,,,12,1,3,Summer,,Agricultural,1.0
SIM_AGR_029,Simulated_Agricultural_29,17.393452,78.445235,2026-03-10 12:00:00,56.69,61.22,17.43,9.22,16.06,0.315,24.6,79,1014,4.6,59,48,0,3,0,1,0,24,1,,,,,,,,,,,12,1,3,Summer,,Agricultural,1.0
SIM_AGR_030,Simulated_Agricultural_30,17.388974,78.47374,2026-03-10 12:00:00,22.31,96.24,17.1,7.79,21.88,0.427,33.9,62,1014,1.5,216,27,0,0,0,0,0,11,1,,,,,,,,,,,12,1,3,Summer,,Agricultural,1.0
SIM_AGR_031,Simulated_Agricultural_31,17.35766,78.567392,2026-03-10 12:00:00,50.63,147.83,14.69,5.36,39.79,0.253,35.9,49,1014,3.6,349,47,0,1,0,0,0,27,1,,,,,,,,,,,12,1,3,Summer,,Agricultural,1.0
SIM_AGR_032,Simulated_Agricultural_32,17.393653,78.555057,2026-03-10 12:00:00,28.91,50.35,5.34,4.39,30.2,0.318,30.5,77,1014,2.6,235,27,0,2,0,0,0,23,1,,,,,,,,,,,12,1,3,Summer,,Agricultural,1.0
SIM_AGR_033,Simulated_Agricultural_33,17.464816,78.601827,2026-03-10 12:00:00,20.63,70.61,6.51,2.27,27.93,0.381,22.8,72,1014,1.3,224,19,0,1,0,0,0,17,1,,,,,,,,,,,12,1,3,Summer,,Agricultural,1.0
SIM_AGR_034,Simulated_Agricultural_34,17.330671,78.516075,2026-03-10 12:00:00,46.9,82.07,9.53,3.15,29.81,0.188,26.8,28,1014,4.9,302,16,0,3,0,0,0,30,1,,,,,,,,,,,12,1,3,Summer,,Agricultural,1.0
SIM_AGR_035,Simulated_Agricultural_35,17.470741,78.43232,2026-03-10 12:00:00,36.65,64.92,10.65,8.04,24.21,0.44,26.8,70,1014,2.0,237,8,0,3,0,0,0,17,1,,,,,,,,,,,12,1,3,Summer,,Agricultural,1.0
SIM_AGR_036,Simulated_Agricultural_36,17.296001,78.530712,2026-03-10 12:00:00,56.89,134.71,6.39,7.8,15.71,0.207,32.8,63,1014,1.3,37,17,0,1,0,0,0,19,1,,,,,,,,,,,12,1,3,Summer,,Agricultural,1.0
SIM_AGR_037,Simulated_Agricultural_37,17.298542,78.393707,2026-03-10 12:00:00,49.66,124.69,16.31,9.32,30.87,0.382,28.3,40,1014,4.9,144,29,0,2,0,1,0,26,1,,,,,,,,,,,12,1,3,Summer,,Agricultural,1.0
SIM_AGR_038,Simulated_Agricultural_38,17.374801,78.577545,2026-03-10 12:00:00,48.9,126.16,9.8,3.63,19.39,0.118,35.8,72,1014,2.0,133,40,0,3,0,0,0,20,1,,,,,,,,,,,12,1,3,Summer,,Agricultural,1.0
SIM_AGR_039,Simulated_Agricultural_39,17.348952,78.586709,2026-03-10 12:00:00,39.97,115.46,15.27,4.06,34.65,0.487,32.3,56,1014,4.2,180,15,0,3,0,0,0,12,1,,,,,,,,,,,12,1,3,Summer,,Agricultural,1.0
SIM_BUR_000,Simulated_Burning_0,17.464302,78.460418,2026-03-10 12:00:00,268.51,269.43,48.29,10.27,30.17,747.841,31.9,67,1014,7.5,247,94,1,0,0,6,1,3,0,,,,,,,,,,,12,1,3,Summer,,Burning,1.0
SIM_BUR_001,Simulated_Burning_1,17.240018,78.553358,2026-03-10 12:00:00,207.15,286.01,40.09,30.94,27.92,1427.654,24.9,31,1014,4.7,123,34,1,4,0,8,1,2,0,,,,,,,,,,,12,1,3,Summer,,Burning,1.0
SIM_BUR_002,Simulated_Burning_2,17.258706,78.624489,2026-03-10 12:00:00,191.8,272.96,47.89,19.0,39.84,396.74,37.9,66,1014,6.3,47,61,1,3,0,5,1,5,0,,,,,,,,,,,12,1,3,Summer,,Burning,1.0
SIM_BUR_003,Simulated_Burning_3,17.445854,78.361506,2026-03-10 12:00:00,269.07,393.47,33.25,39.32,44.22,1373.749,36.7,39,1014,2.5,354,82,1,2,0,2,1,2,0,,,,,,,,,,,12,1,3,Summer,,Burning,1.0
SIM_BUR_004,Simulated_Burning_4,17.404053,78.346571,2026-03-10 12:00:00,285.75,294.35,58.46,27.61,37.57,1155.254,28.4,29,1014,3.1,288,40,1,3,0,6,1,3,0,,,,,,,,,,,12,1,3,Summer,,Burning,1.0
SIM_BUR_005,Simulated_Burning_5,17.276985,78.633243,2026-03-10 12:00:00,244.83,350.24,58.97,11.61,28.11,1306.41,27.4,74,1014,5.3,304,60,1,0,0,4,1,3,0,,,,,,,,,,,12,1,3,Summer,,Burning,1.0
SIM_BUR_006,Simulated_Burning_6,17.303442,78.502611,2026-03-10 12:00:00,175.09,255.72,43.44,21.4,38.17,654.455,25.9,29,1014,1.6,78,58,1,1,0,5,1,2,0,,,,,,,,,,,12,1,3,Summer,,Burning,1.0
SIM_BUR_007,Simulated_Burning_7,17.262456,78.619588,2026-03-10 12:00:00,188.95,428.4,24.09,12.62,27.93,968.382,30.2,31,1014,1.2,181,80,0,4,0,8,1,3,0,,,,,,,,,,,12,1,3,Summer,,Burning,1.0
SIM_BUR_008,Simulated_Burning_8,17.322554,78.45304,2026-03-10 12:00:00,116.94,470.34,56.21,39.35,32.16,503.5,28.1,33,1014,2.9,137,73,0,0,0,5,1,3,0,,,,,,,,,,,12,1,3,Summer,,Burning,1.0
SIM_BUR_009,Simulated_Burning_9,17.380269,78.359776,2026-03-10 12:00:00,150.34,273.98,45.0,27.81,20.87,428.367,26.9,50,1014,3.3,317,58,1,3,0,5,1,5,0,,,,,,,,,,,12,1,3,Summer,,Burning,1.0
SIM_BUR_010,Simulated_Burning_10,17.275837,78.4329,2026-03-10 12:00:00,289.46,260.26,32.57,38.94,44.06,649.738,33.1,56,1014,7.8,124,51,1,2,0,4,1,4,0,,,,,,,,,,,12,1,3,Summer,,Burning,1.0
SIM_BUR_011,Simulated_Burning_11,17.412668,78.500389,2026-03-10 12:00:00,236.34,365.03,58.12,23.85,36.25,826.146,26.7,69,1014,1.5,209,96,1,1,0,4,1,2,0,,,,,,,,,,,12,1,3,Summer,,Burning,1.0
SIM_BUR_012,Simulated_Burning_12,17.281243,78.463638,2026-03-10 12:00:00,175.4,334.72,43.92,27.47,31.03,1408.195,35.9,51,1014,4.8,184,99,1,4,0,2,1,1,0,,,,,,,,,,,12,1,3,Summer,,Burning,1.0
SIM_BUR_013,Simulated_Burning_13,17.434408,78.386602,2026-03-10 12:00:00,222.54,368.97,45.8,29.4,44.0,697.916,34.7,31,1014,1.1,132,38,1,5,0,6,1,5,0,,,,,,,,,,,12,1,3,Summer,,Burning,1.0
SIM_BUR_014,Simulated_Burning_14,17.30131,78.448936,2026-03-10 12:00:00,192.61,403.87,47.62,14.52,44.93,879.325,26.7,30,1014,1.8,72,54,0,2,0,8,1,4,0,,,,,,,,,,,12,1,3,Summer,,Burning,1.0
SIM_BUR_015,Simulated_Burning_15,17.33949,78.365987,2026-03-10 12:00:00,244.4,335.73,22.69,11.34,36.32,327.102,27.5,31,1014,5.7,84,41,1,1,0,3,1,4,0,,,,,,,,,,,12,1,3,Summer,,Burning,1.0
SIM_BUR_016,Simulated_Burning_16,17.522539,78.406257,2026-03-10 12:00:00,181.01,255.34,45.62,22.96,15.88,1036.928,25.2,62,1014,4.0,2,100,0,1,0,8,1,0,0,,,,,,,,,,,12,1,3,Summer,,Burning,1.0
SIM_BUR_017,Simulated_Burning_17,17.265526,78.598294,2026-03-10 12:00:00,137.39,297.8,38.3,17.87,40.88,933.258,32.2,63,1014,3.7,200,85,0,2,0,8,1,4,0,,,,,,,,,,,12,1,3,Summer,,Burning,1.0
SIM_BUR_018,Simulated_Burning_18,17.479121,78.548497,2026-03-10 12:00:00,159.49,384.35,23.39,14.02,18.54,666.456,24.9,69,1014,2.0,198,63,1,1,0,5,1,1,0,,,,,,,,,,,12,1,3,Summer,,Burning,1.0
SIM_BUR_019,Simulated_Burning_19,17.42565,78.54473,2026-03-10 12:00:00,229.05,499.97,42.2,24.69,19.21,677.496,29.2,28,1014,7.1,4,72,0,1,0,6,1,5,0,,,,,,,,,,,12,1,3,Summer,,Burning,1.0
SIM_BUR_020,Simulated_Burning_20,17.35774,78.484218,2026-03-10 12:00:00,242.03,333.16,26.69,26.96,38.88,564.635,22.5,39,1014,4.8,86,68,1,5,0,6,1,0,0,,,,,,,,,,,12,1,3,Summer,,Burning,1.0
SIM_BUR_021,Simulated_Burning_21,17.269262,78.569234,2026-03-10 12:00:00,264.66,310.06,52.9,11.25,36.57,955.624,37.8,31,1014,6.2,334,41,0,0,0,4,1,0,0,,,,,,,,,,,12,1,3,Summer,,Burning,1.0
SIM_BUR_022,Simulated_Burning_22,17.494587,78.371916,2026-03-10 12:00:00,262.38,262.96,49.5,30.67,40.83,1032.314,28.9,64,1014,2.0,105,36,0,4,0,6,1,4,0,,,,,,,,,,,12,1,3,Summer,,Burning,1.0
SIM_BUR_023,Simulated_Burning_23,17.285513,78.6304,2026-03-10 12:00:00,158.53,371.82,58.1,25.43,42.0,1278.217,24.2,73,1014,6.5,30,45,1,1,0,8,1,1,0,,,,,,,,,,,12,1,3,Summer,,Burning,1.0
SIM_BUR_024,Simulated_Burning_24,17.448418,78.585245,2026-03-10 12:00:00,252.29,402.87,39.58,27.32,23.06,797.07,29.2,65,1014,6.6,47,61,1,5,0,7,1,3,0,,,,,,,,,,,12,1,3,Summer,,Burning,1.0
SIM_BUR_025,Simulated_Burning_25,17.333187,78.337442,2026-03-10 12:00:00,254.83,419.82,49.24,23.75,34.92,729.867,23.0,59,1014,3.8,219,37,1,2,0,8,1,2,0,,,,,,,,,,,12,1,3,Summer,,Burning,1.0
SIM_BUR_026,Simulated_Burning_26,17.40838,78.506543,2026-03-10 12:00:00,197.07,303.12,47.3,11.45,17.99,1240.668,29.4,32,1014,7.5,80,66,1,0,0,3,1,1,0,,,,,,,,,,,12,1,3,Summer,,Burning,1.0
SIM_BUR_027,Simulated_Burning_27,17.32556,78.599027,2026-03-10 12:00:00,275.32,228.0,34.42,12.47,34.94,1078.693,22.8,65,1014,3.1,358,39,1,5,0,7,1,0,0,,,,,,,,,,,12,1,3,Summer,,Burning,1.0
SIM_BUR_028,Simulated_Burning_28,17.378042,78.37651,2026-03-10 12:00:00,145.24,403.99,20.37,30.87,39.51,1485.786,28.8,33,1014,4.3,117,59,0,5,0,2,1,2,0,,,,,,,,,,,12,1,3,Summer,,Burning,1.0
SIM_BUR_029,Simulated_Burning_29,17.276139,78.568738,2026-03-10 12:00:00,250.63,239.94,59.72,14.29,30.92,310.17,32.4,53,1014,3.5,109,90,0,3,0,7,1,1,0,,,,,,,,,,,12,1,3,Summer,,Burning,1.0
SIM_BUR_030,Simulated_Burning_30,17.503978,78.378704,2026-03-10 12:00:00,124.63,419.0,34.06,22.88,38.73,597.344,32.3,40,1014,4.9,307,87,0,5,0,8,1,5,0,,,,,,,,,,,12,1,3,Summer,,Burning,1.0
SIM_BUR_031,Simulated_Burning_31,17.296634,78.518778,2026-03-10 12:00:00,137.73,317.53,45.85,33.51,38.81,587.209,28.2,40,1014,4.5,304,19,1,0,0,4,1,3,0,,,,,,,,,,,12,1,3,Summer,,Burning,1.0
SIM_BUR_032,Simulated_Burning_32,17.361259,78.500607,2026-03-10 12:00:00,134.55,341.3,59.49,12.19,32.62,316.552,25.5,28,1014,7.6,203,74,0,5,0,6,1,3,0,,,,,,,,,,,12,1,3,Summer,,Burning,1.0
SIM_BUR_033,Simulated_Burning_33,17.445543,78.361428,2026-03-10 12:00:00,207.31,384.81,31.1,19.3,30.34,543.837,34.9,59,1014,3.3,300,91,1,5,0,2,1,5,0,,,,,,,,,,,12,1,3,Summer,,Burning,1.0
SIM_BUR_034,Simulated_Burning_34,17.453988,78.59064,2026-03-10 12:00:00,111.58,225.86,37.38,23.6,33.26,671.148,33.9,72,1014,2.2,6,100,0,5,0,3,1,2,0,,,,,,,,,,,12,1,3,Summer,,Burning,1.0
SIM_BUR_035,Simulated_Burning_35,17.390167,78.583452,2026-03-10 12:00:00,151.85,311.56,49.99,36.2,36.99,441.668,36.4,46,1014,6.6,139,77,0,2,0,6,1,0,0,,,,,,,,,,,12,1,3,Summer,,Burning,1.0
SIM_BUR_036,Simulated_Burning_36,17.371559,78.444737,2026-03-10 12:00:00,199.92,370.07,34.71,17.65,18.09,988.695,33.6,39,1014,6.2,1,15,0,1,0,5,1,3,0,,,,,,,,,,,12,1,3,Summer,,Burning,1.0
SIM_BUR_037,Simulated_Burning_37,17.288688,78.624803,2026-03-10 12:00:00,107.07,440.93,48.56,29.67,21.74,597.916,36.7,45,1014,2.9,39,83,1,0,0,7,1,1,0,,,,,,,,,,,12,1,3,Summer,,Burning,1.0
SIM_BUR_038,Simulated_Burning_38,17.476301,78.631124,2026-03-10 12:00:00,290.82,220.68,38.6,18.47,40.35,692.761,30.8,25,1014,3.6,149,82,0,5,0,3,1,2,0,,,,,,,,,,,12,1,3,Summer,,Burning,1.0
SIM_BUR_039,Simulated_Burning_39,17.526557,78.636036,2026-03-10 12:00:00,255.18,419.74,41.86,33.88,19.52,1418.877,22.4,59,1014,3.4,355,11,1,0,0,5,1,5,0,,,,,,,,,,,12,1,3,Summer,,Burning,1.0
SIM_NAT_000,Simulated_Natural_0,17.327253,78.398258,2026-03-10 12:00:00,29.58,30.99,14.5,7.81,59.97,0.084,22.7,39,1014,7.3,266,13,0,3,0,0,0,5,0,,,,,,,,,,,12,1,3,Summer,,Natural,1.0
SIM_NAT_001,Simulated_Natural_1,17.257449,78.507046,2026-03-10 12:00:00,15.87,58.21,5.08,2.83,72.05,0.24,33.2,72,1014,3.3,231,8,0,0,0,0,0,1,0,,,,,,,,,,,12,1,3,Summer,,Natural,1.0
SIM_NAT_002,Simulated_Natural_2,17.284312,78.476517,2026-03-10 12:00:00,15.16,36.8,14.54,2.45,71.58,0.08,23.9,35,1014,6.7,155,19,0,1,0,0,0,5,0,,,,,,,,,,,12,1,3,Summer,,Natural,1.0
SIM_NAT_003,Simulated_Natural_3,17.52552,78.455573,2026-03-10 12:00:00,6.22,24.94,12.66,2.22,116.65,0.256,30.9,60,1014,2.7,236,3,0,0,0,0,0,1,0,,,,,,,,,,,12,1,3,Summer,,Natural,1.0
SIM_NAT_004,Simulated_Natural_4,17.482102,78.448372,2026-03-10 12:00:00,20.76,42.23,9.57,2.81,106.89,0.007,23.0,66,1014,4.1,65,2,0,0,0,1,0,1,0,,,,,,,,,,,12,1,3,Summer,,Natural,1.0
SIM_NAT_005,Simulated_Natural_5,17.364947,78.554029,2026-03-10 12:00:00,17.4,29.14,7.55,3.48,113.58,0.082,29.1,34,1014,1.2,317,19,0,2,0,1,0,0,0,,,,,,,,,,,12,1,3,Summer,,Natural,1.0
SIM_NAT_006,Simulated_Natural_6,17.318933,78.377871,2026-03-10 12:00:00,9.99,54.23,8.84,5.42,106.15,0.238,37.8,75,1014,6.0,245,17,0,2,0,1,0,1,0,,,,,,,,,,,12,1,3,Summer,,Natural,1.0
SIM_NAT_007,Simulated_Natural_7,17.330663,78.402406,2026-03-10 12:00:00,27.39,48.93,2.76,7.94,87.06,0.23,38.0,35,1014,1.7,336,7,0,0,0,1,0,1,0,,,,,,,,,,,12,1,3,Summer,,Natural,1.0
SIM_NAT_008,Simulated_Natural_8,17.305965,78.432101,2026-03-10 12:00:00,23.45,27.94,9.69,5.92,74.62,0.17,24.3,37,1014,6.9,252,17,0,1,0,0,0,0,0,,,,,,,,,,,12,1,3,Summer,,Natural,1.0
SIM_NAT_009,Simulated_Natural_9,17.415499,78.342678,2026-03-10 12:00:00,16.95,26.59,9.98,6.65,73.85,0.053,34.8,80,1014,3.3,11,4,0,1,0,1,0,2,0,,,,,,,,,,,12,1,3,Summer,,Natural,1.0
SIM_NAT_010,Simulated_Natural_10,17.517577,78.455379,2026-03-10 12:00:00,7.53,25.09,3.77,2.1,116.41,0.238,37.4,66,1014,3.2,287,19,0,1,0,1,0,5,0,,,,,,,,,,,12,1,3,Summer,,Natural,1.0
SIM_NAT_011,Simulated_Natural_11,17.323355,78.390012,2026-03-10 12:00:00,5.04,45.1,9.45,6.96,103.96,0.17,24.9,45,1014,7.4,313,7,0,0,0,0,0,5,0,,,,,,,,,,,12,1,3,Summer,,Natural,1.0
SIM_NAT_012,Simulated_Natural_12,17.306399,78.631414,2026-03-10 12:00:00,9.2,54.27,3.15,5.96,94.74,0.266,29.1,41,1014,2.5,354,2,0,2,0,0,0,3,0,,,,,,,,,,,12,1,3,Summer,,Natural,1.0
SIM_NAT_013,Simulated_Natural_13,17.454775,78.627431,2026-03-10 12:00:00,27.11,34.65,6.92,4.82,57.1,0.144,35.8,66,1014,6.3,115,5,0,0,0,1,0,2,0,,,,,,,,,,,12,1,3,Summer,,Natural,1.0
SIM_NAT_014,Simulated_Natural_14,17.520499,78.35896,2026-03-10 12:00:00,9.25,28.77,11.52,4.83,112.87,0.028,31.5,64,1014,7.3,15,13,0,1,0,0,0,0,0,,,,,,,,,,,12,1,3,Summer,,Natural,1.0
SIM_NAT_015,Simulated_Natural_15,17.296665,78.393695,2026-03-10 12:00:00,22.43,46.1,11.49,2.86,69.71,0.071,22.8,61,1014,4.8,251,4,0,2,0,1,0,2,0,,,,,,,,,,,12,1,3,Summer,,Natural,1.0
SIM_NAT_016,Simulated_Natural_16,17.422527,78.480799,2026-03-10 12:00:00,7.42,20.35,10.3,7.84,83.15,0.035,34.6,55,1014,4.4,338,8,0,3,0,1,0,2,0,,,,,,,,,,,12,1,3,Summer,,Natural,1.0
SIM_NAT_017,Simulated_Natural_17,17.368733,78.415689,2026-03-10 12:00:00,16.63,21.31,5.49,1.43,102.66,0.2,23.4,47,1014,6.7,211,18,0,0,0,1,0,4,0,,,,,,,,,,,12,1,3,Summer,,Natural,1.0
SIM_NAT_018,Simulated_Natural_18,17.377879,78.360387,2026-03-10 12:00:00,27.57,45.72,8.53,7.3,106.03,0.203,31.9,32,1014,7.6,229,5,0,1,0,0,0,3,0,,,,,,,,,,,12,1,3,Summer,,Natural,1.0
SIM_NAT_019,Simulated_Natural_19,17.531484,78.467318,2026-03-10 12:00:00,29.93,41.36,12.84,2.81,113.76,0.274,23.1,49,1014,4.9,282,10,0,3,0,1,0,3,0,,,,,,,,,,,12,1,3,Summer,,Natural,1.0
SIM_NAT_020,Simulated_Natural_20,17.27946,78.51308,2026-03-10 12:00:00,23.96,56.98,14.02,4.94,57.07,0.086,30.6,47,1014,7.1,135,12,0,3,0,0,0,2,0,,,,,,,,,,,12,1,3,Summer,,Natural,1.0
SIM_NAT_021,Simulated_Natural_21,17.278156,78.519297,2026-03-10 12:00:00,22.34,11.94,13.56,3.32,66.63,0.224,36.7,48,1014,1.1,155,9,0,3,0,0,0,2,0,,,,,,,,,,,12,1,3,Summer,,Natural,1.0
SIM_NAT_022,Simulated_Natural_22,17.367933,78.584447,2026-03-10 12:00:00,11.74,30.84,10.39,2.32,64.8,0.247,33.9,73,1014,4.6,191,1,0,1,0,1,0,1,0,,,,,,,,,,,12,1,3,Summer,,Natural,1.0
SIM_NAT_023,Simulated_Natural_23,17.4988,78.345384,2026-03-10 12:00:00,9.82,51.65,12.88,2.75,81.95,0.275,33.3,42,1014,3.6,237,16,0,0,0,0,0,3,0,,,,,,,,,,,12,1,3,Summer,,Natural,1.0
SIM_NAT_024,Simulated_Natural_24,17.368831,78.624856,2026-03-10 12:00:00,16.86,37.57,6.48,6.86,68.11,0.249,23.4,26,1014,3.7,83,18,0,1,0,0,0,5,0,,,,,,,,,,,12,1,3,Summer,,Natural,1.0
SIM_NAT_025,Simulated_Natural_25,17.388984,78.596089,2026-03-10 12:00:00,29.18,44.11,8.16,1.93,62.12,0.24,25.6,63,1014,6.6,156,20,0,3,0,1,0,2,0,,,,,,,,,,,12,1,3,Summer,,Natural,1.0
SIM_NAT_026,Simulated_Natural_26,17.375009,78.539859,2026-03-10 12:00:00,25.61,29.86,3.33,4.58,96.36,0.253,28.0,66,1014,5.2,144,9,0,3,0,1,0,5,0,,,,,,,,,,,12,1,3,Summer,,Natural,1.0
SIM_NAT_027,Simulated_Natural_27,17.493447,78.415044,2026-03-10 12:00:00,22.78,54.62,5.88,2.05,103.58,0.27,34.9,76,1014,6.7,206,10,0,0,0,1,0,3,0,,,,,,,,,,,12,1,3,Summer,,Natural,1.0
SIM_NAT_028,Simulated_Natural_28,17.351482,78.347296,2026-03-10 12:00:00,22.7,38.6,4.47,6.09,65.57,0.16,34.6,67,1014,3.5,153,5,0,1,0,0,0,1,0,,,,,,,,,,,12,1,3,Summer,,Natural,1.0
SIM_NAT_029,Simulated_Natural_29,17.312596,78.579203,2026-03-10 12:00:00,24.07,19.15,10.84,3.35,56.25,0.107,33.9,44,1014,3.9,169,11,0,2,0,0,0,0,0,,,,,,,,,,,12,1,3,Summer,,Natural,1.0
SIM_NAT_030,Simulated_Natural_30,17.410072,78.61999,2026-03-10 12:00:00,6.78,54.47,8.51,7.07,76.72,0.09,22.9,79,1014,2.1,102,10,0,3,0,1,0,0,0,,,,,,,,,,,12,1,3,Summer,,Natural,1.0
SIM_NAT_031,Simulated_Natural_31,17.334789,78.632692,2026-03-10 12:00:00,12.84,12.9,7.88,2.47,104.15,0.173,24.5,75,1014,6.3,45,4,0,3,0,1,0,3,0,,,,,,,,,,,12,1,3,Summer,,Natural,1.0
SIM_NAT_032,Simulated_Natural_32,17.236401,78.496835,2026-03-10 12:00:00,23.27,57.5,13.6,6.3,87.17,0.005,22.1,71,1014,2.7,355,11,0,1,0,1,0,1,0,,,,,,,,,,,12,1,3,Summer,,Natural,1.0
SIM_NAT_033,Simulated_Natural_33,17.482153,78.426161,2026-03-10 12:00:00,12.27,46.39,9.75,3.36,112.16,0.299,27.5,56,1014,3.5,96,5,0,0,0,0,0,1,0,,,,,,,,,,,12,1,3,Summer,,Natural,1.0
SIM_NAT_034,Simulated_Natural_34,17.241574,78.48809,2026-03-10 12:00:00,8.08,45.56,12.3,3.63,94.82,0.231,32.0,63,1014,8.0,338,3,0,0,0,0,0,3,0,,,,,,,,,,,12,1,3,Summer,,Natural,1.0
SIM_NAT_035,Simulated_Natural_35,17.272079,78.412521,2026-03-10 12:00:00,22.55,20.27,10.91,1.07,79.46,0.03,30.3,64,1014,5.2,70,13,0,0,0,0,0,3,0,,,,,,,,,,,12,1,3,Summer,,Natural,1.0
SIM_NAT_036,Simulated_Natural_36,17.417701,78.570088,2026-03-10 12:00:00,25.79,58.66,6.65,3.87,61.23,0.164,36.6,69,1014,7.5,169,7,0,0,0,0,0,1,0,,,,,,,,,,,12,1,3,Summer,,Natural,1.0
SIM_NAT_037,Simulated_Natural_37,17.468858,78.359214,2026-03-10 12:00:00,23.09,55.24,10.38,4.2,118.41,0.079,22.8,77,1014,2.2,20,9,0,2,0,0,0,0,0,,,,,,,,,,,12,1,3,Summer,,Natural,1.0
SIM_NAT_038,Simulated_Natural_38,17.4906,78.535707,2026-03-10 12:00:00,9.26,27.88,7.69,5.35,111.49,0.028,35.0,36,1014,1.8,204,14,0,3,0,1,0,0,0,,,,,,,,,,,12,1,3,Summer,,Natural,1.0
SIM_NAT_039,Simulated_Natural_39,17.443851,78.354294,2026-03-10 12:00:00,28.56,17.97,7.41,5.14,106.16,0.204,24.9,49,1014,6.5,313,0,0,3,0,0,0,3,0,,,,,,,,,,,12,1,3,Summer,,Natural,1.0
